ID,Type,UGS,Nom,Publi√©,Visibilit√© dans le catalogue,Description,En stock¬†?,Stock,Poids (kg),Longueur (cm),Largeur (cm),Tarif promo,Tarif r√©gulier,Cat√©gories,Images,Produits sugg√©r√©s,Ventes crois√©es,Marques,M√©ta : dimensions,M√©ta : poids_machine,M√©ta : charges,M√©ta : poids_max_de_l039utilisateur,M√©ta : gamme_produit,M√©ta : reference,En stock ?
1,Simple,Lifecycle GE,Spinning Bike,1,Visible,"√âquipement / Cardio / Mat√©riel de qualit√© professionnelle <br>
V√©lo d‚Äôindoor cycling fluide et silencieux avec r√©glages selle et <br> guidon pour une adaptation √† tous les utilisateurs. <br>R√©sistance r√©glable pour un travail cardio pr√©cis et <br>r√©gulier.<br>
Dimensions : 1390 √ó 580 √ó 1000 mm<br>
Poids : 51Kg<br>
Passage porte standard : oui<br>
Utilisation : Cardio en salle ou home gym.<br>",1.0,2,,,,2140.0,790.0,Cardio training,"https://spartekfitness.com/app/uploads/2025/05/N1609-1024x1024.png,https://spartekfitness.com/app/uploads/2025/05/N1609-A.jpg,https://spartekfitness.com/app/uploads/2025/05/N1609-C.jpg","T2000,E0919","T2000,R-PS-TOUCH",Life Fitness,1390x580x1000,51Kg,,,GX,Lifecycle GE,
2,Simple,Duke Magnetic H925,Spinning Bike,1,Visible,"√âquipement / Cardio / Mat√©riel de qualit√© professionnelle<br>
Indoor cycle √† r√©sistance magn√©tique offrant un mouvement stable et progressif.<br> R√©glages multipoints permettant une posture optimale. Structure robuste adapt√©e √† un usage intensif.<br>
Dimensions : 1040 √ó 630 √ó 1170 mm<br>
Passage porte standard : oui<br>
Poids : 43Kg<br>
Utilisation : Entra√Ænement cardio r√©gulier ou intensif.<br>",1.0,2,,,,2490.0,690.0,Cardio training,"https://spartekfitness.com/app/uploads/2025/05/N1609-1024x1024.png,https://spartekfitness.com/app/uploads/2025/05/N1609-A.jpg,https://spartekfitness.com/app/uploads/2025/05/N1609-C.jpg","T2000,E0919","T2000,R-PS-TOUCH",BH,1040x630x1170,43Kg,,,BH,Duke Magnetic H925,
3,Simple,D91,Spinning Bike,1,Visible,"√âquipement / Machine / mat√©riel de qualit√© professionnelle<br><br>Type : Cardio-Training<br>Marque : Technogym<br>Gamme : Group Cycle<br>Nom : Spinning Bike<br>R√©f√©rence : D91<br><br>Description : Le Technogym Group Cycle D91 est un v√©lo de biking indoor √©quip√© d‚Äôune transmission par cha√Æne et d‚Äôune roue d‚Äôinertie de 20 kg, offrant un p√©dalage fluide et stable. La r√©sistance m√©canique r√©glable permet d‚Äôadapter l‚Äôintensit√© sans alimentation √©lectrique, pour une utilisation autonome et silencieuse. Adapt√© aux particulier‚Ä¶",,1,,,,,,Cardio-Training,,,,Technogym,,,,,Group Cycle,D91,1.0
4,Simple,D91,Spinning Bike,1,Visible,"√âquipement / Machine / mat√©riel de qualit√© professionnelle<br><br>Type : Cardio-Training<br>Marque : Technogym<br>Gamme : Group Cycle<br>Nom : Spinning Bike<br>R√©f√©rence : D91<br><br>Description : Le Technogym Group Cycle D91 est un v√©lo de biking indoor √©quip√© d‚Äôune transmission par cha√Æne et d‚Äôune roue d‚Äôinertie de 20 kg, offrant un p√©dalage fluide et stable. La r√©sistance m√©canique r√©glable permet d‚Äôadapter l‚Äôintensit√© sans alimentation √©lectrique, pour une utilisation autonome et silencieuse. Adapt√© aux particulier‚Ä¶",,1,,,,,,Cardio-Training,,,,Technogym,,,,,Group Cycle,D91,1.0
5,Simple,D91,Spinning Bike,1,Visible,"√âquipement / Machine / mat√©riel de qualit√© professionnelle<br><br>Type : Cardio-Training<br>Marque : Technogym<br>Gamme : Group Cycle<br>Nom : Spinning Bike<br>R√©f√©rence : D91<br><br>Description : Le Technogym Group Cycle D91 est un v√©lo de biking indoor √©quip√© d‚Äôune transmission par cha√Æne et d‚Äôune roue d‚Äôinertie de 20 kg, offrant un p√©dalage fluide et stable. La r√©sistance m√©canique r√©glable permet d‚Äôadapter l‚Äôintensit√© sans alimentation √©lectrique, pour une utilisation autonome et silencieuse. Adapt√© aux particulier‚Ä¶",,1,,,,,,Cardio-Training,,,,Technogym,,,,,Group Cycle,D91,1.0
6,Simple,B2200,Upright Bike,1,Visible,√âquipement / Machine / mat√©riel de qualit√© professionnelle<br><br>Type : Cardio-Training<br>Marque : SPARTEK<br>Gamme : Passion<br>Nom : Upright Bike<br>R√©f√©rence : B2200<br><br>Description : v√©lo droit de qualit√© professionnelle permettant d'effectuer des s√©ances de cardio. Appareil avec plusieurs niveaux de r√©sistance et une g√©n√©ratrice permettant d'alimenter le v√©lo sans le brancher √† une prise de secteur.<br><br>SPARTEK est une marque fran√ßaise d‚Äô√©quipements professionnels haut de gamme proposant d‚Äôacqu√©rir votre parc ma‚Ä¶,,1,,,,,,Cardio-Training,,,,SPARTEK,,,,,Passion,B2200,1.0
7,Simple,m987,Easy Dip Chin,1,Visible,"√âquipement / Machine / mat√©riel de qualit√© professionnelle<br><br>Type : Libre<br>Marque : Technogym<br>Gamme : Selection<br>Nom : Easy Dip Chin<br>R√©f√©rence : m987<br><br>Description : Machine de musculation assist√©e de qualit√© professionnelle, dot√©e d‚Äôun syst√®me de contrepoids permettant le renforcement musculaire des dorsaux gr√¢ce aux exercices de tractions, ainsi que des triceps via les dips. √âquipement polyvalent et complet, adapt√© √† tous les niveaux de pratique.<br><br>√âtat : Seconde vie<br><br>üßæ Facture avec TVA r√©cup√©rabl‚Ä¶",,1,,,,,,Libre,,,,Technogym,,,,,Selection,m987,1.0
8,Simple,D91,Spinning Bike,1,Visible,"√âquipement / Machine / mat√©riel de qualit√© professionnelle<br><br>Type : Cardio-Training<br>Marque : Technogym<br>Gamme : Group Cycle<br>Nom : Spinning Bike<br>R√©f√©rence : D91<br><br>Description : Le Technogym Group Cycle D91 est un v√©lo de biking indoor √©quip√© d‚Äôune transmission par cha√Æne et d‚Äôune roue d‚Äôinertie de 20 kg, offrant un p√©dalage fluide et stable. La r√©sistance m√©canique r√©glable permet d‚Äôadapter l‚Äôintensit√© sans alimentation √©lectrique, pour une utilisation autonome et silencieuse. Adapt√© aux particulier‚Ä¶",,1,,,,,,Cardio-Training,,,,Technogym,,,,,Group Cycle,D91,1.0
9,Simple,D91,Spinning Bike,1,Visible,"√âquipement / Machine / mat√©riel de qualit√© professionnelle<br><br>Type : Cardio-Training<br>Marque : Technogym<br>Gamme : Group Cycle<br>Nom : Spinning Bike<br>R√©f√©rence : D91<br><br>Description : Le Technogym Group Cycle D91 est un v√©lo de biking indoor √©quip√© d‚Äôune transmission par cha√Æne et d‚Äôune roue d‚Äôinertie de 20 kg, offrant un p√©dalage fluide et stable. La r√©sistance m√©canique r√©glable permet d‚Äôadapter l‚Äôintensit√© sans alimentation √©lectrique, pour une utilisation autonome et silencieuse. Adapt√© aux particulier‚Ä¶",,1,,,,,1‚ÄØ456‚Ç¨,Cardio-Training,,,,Technogym,,,,,Group Cycle,D91,1.0
10,Simple,D91,Spinning Bike,1,Visible,"√âquipement / Machine / mat√©riel de qualit√© professionnelle<br><br>Type : Cardio-Training<br>Marque : Technogym<br>Gamme : Group Cycle<br>Nom : Spinning Bike<br>R√©f√©rence : D91<br><br>Description : Le Technogym Group Cycle D91 est un v√©lo de biking indoor √©quip√© d‚Äôune transmission par cha√Æne et d‚Äôune roue d‚Äôinertie de 20 kg, offrant un p√©dalage fluide et stable. La r√©sistance m√©canique r√©glable permet d‚Äôadapter l‚Äôintensit√© sans alimentation √©lectrique, pour une utilisation autonome et silencieuse. Adapt√© aux particulier‚Ä¶",,1,,,,490.0,,Cardio-Training,,,,Technogym,,,,,Group Cycle,D91,1.0
11,Simple,D91,Spinning Bike,1,Visible,"√âquipement / Machine / mat√©riel de qualit√© professionnelle<br><br>Type : Cardio-Training<br>Marque : Technogym<br>Gamme : Group Cycle<br>Nom : Spinning Bike<br>R√©f√©rence : D91<br><br>Description : Le Technogym Group Cycle D91 est un v√©lo de biking indoor √©quip√© d‚Äôune transmission par cha√Æne et d‚Äôune roue d‚Äôinertie de 20 kg, offrant un p√©dalage fluide et stable. La r√©sistance m√©canique r√©glable permet d‚Äôadapter l‚Äôintensit√© sans alimentation √©lectrique, pour une utilisation autonome et silencieuse. Adapt√© aux particulier‚Ä¶",,1,,,,490.0,,Cardio-Training,,,,Technogym,,,,,Group Cycle,D91,1.0
12,Simple,D91,Spinning Bike,1,Visible,"√âquipement / Machine / mat√©riel de qualit√© professionnelle<br><br>Type : Cardio-Training<br>Marque : Technogym<br>Gamme : Group Cycle<br>Nom : Spinning Bike<br>R√©f√©rence : D91<br><br>Description : Le Technogym Group Cycle D91 est un v√©lo de biking indoor √©quip√© d‚Äôune transmission par cha√Æne et d‚Äôune roue d‚Äôinertie de 20 kg, offrant un p√©dalage fluide et stable. La r√©sistance m√©canique r√©glable permet d‚Äôadapter l‚Äôintensit√© sans alimentation √©lectrique, pour une utilisation autonome et silencieuse. Adapt√© aux particulier‚Ä¶",,1,,,,490.0,,Cardio-Training,,,,Technogym,,,,,Group Cycle,D91,1.0
13,Simple,D91,Spinning Bike,1,Visible,"√âquipement / Machine / mat√©riel de qualit√© professionnelle<br><br>Type : Cardio-Training<br>Marque : Technogym<br>Gamme : Group Cycle<br>Nom : Spinning Bike<br>R√©f√©rence : D91<br><br>Description : Le Technogym Group Cycle D91 est un v√©lo de biking indoor √©quip√© d‚Äôune transmission par cha√Æne et d‚Äôune roue d‚Äôinertie de 20 kg, offrant un p√©dalage fluide et stable. La r√©sistance m√©canique r√©glable permet d‚Äôadapter l‚Äôintensit√© sans alimentation √©lectrique, pour une utilisation autonome et silencieuse. Adapt√© aux particulier‚Ä¶",,1,,,,490.0,1456.0,Cardio-Training,,,,Technogym,,,,,Group Cycle,D91,1.0
14,Simple,D91,Spinning Bike,1,Visible,"√âquipement / Machine / mat√©riel de qualit√© professionnelle<br><br>Type : Cardio-Training<br>Marque : Technogym<br>Gamme : Group Cycle<br>Nom : Spinning Bike<br>R√©f√©rence : D91<br><br>Description : Le Technogym Group Cycle D91 est un v√©lo de biking indoor √©quip√© d‚Äôune transmission par cha√Æne et d‚Äôune roue d‚Äôinertie de 20 kg, offrant un p√©dalage fluide et stable. La r√©sistance m√©canique r√©glable permet d‚Äôadapter l‚Äôintensit√© sans alimentation √©lectrique, pour une utilisation autonome et silencieuse. Adapt√© aux particulier‚Ä¶",,1,,,,490.0,1456.0,Cardio-Training,,,,Technogym,,,,,Group Cycle,D91,1.0
15,Simple,m987,Easy Dip Chin,1,Visible,"√âquipement / Machine / mat√©riel de qualit√© professionnelle<br><br>Type : Libre<br>Marque : Technogym<br>Gamme : Selection<br>Nom : Easy Dip Chin<br>R√©f√©rence : m987<br><br>Description : Machine de musculation assist√©e de qualit√© professionnelle, dot√©e d‚Äôun syst√®me de contrepoids permettant le renforcement musculaire des dorsaux gr√¢ce aux exercices de tractions, ainsi que des triceps via les dips. √âquipement polyvalent et complet, adapt√© √† tous les niveaux de pratique.<br><br>√âtat : Seconde vie<br><br>üßæ Facture avec TVA r√©cup√©rabl‚Ä¶",,1,,,,1890.0,4500.0,Libre,,,,Technogym,,,,,Selection,m987,1.0
16,Simple,PA05,Lower Back Bench,1,Visible,√âquipement / Machine / mat√©riel de qualit√© professionnelle<br><br>Type : Libre<br>Marque : Technogym<br>Gamme : Element +<br>Nom : Lower Back Bench<br>R√©f√©rence : PA05<br><br>Description : Banc de musculation de qualit√© professionnelle permettant de faire des relev√©s de bustes afin de renforcer et solliciter les lombaires. <br><br>√âtat : Seconde vie<br><br>üßæ Facture avec TVA r√©cup√©rable pour les assujetties.<br>‚Üí Taux de TVA : 20%<br><br>üõí Vente aux professionnels et aux particuliers<br>üîß Garantie occasion : 6 mois / neuf : 2 ans<br>üöõ Livrai‚Ä¶,,1,,,,549.0,1800.0,Libre,,,,Technogym,,,,,Element +,PA05,1.0
17,Simple,P019,Incline Press Bench,1,Visible,√âquipement / Machine / mat√©riel de qualit√© professionnelle<br><br>Type : Libre<br>Marque : Technogym<br>Gamme : Isotonic<br>Nom : Incline Press Bench<br>R√©f√©rence : P019<br><br>Description : Banc de musculation de qualit√© professionnel permettant de faire du d√©velopp√© couch√© en position inclin√©. Id√©al pour le renforcement des pectoraux avec une barre olympique et des disques.<br><br>√âtat : Seconde vie<br><br>üßæ Facture avec TVA r√©cup√©rable pour les assujetties.<br>‚Üí Taux de TVA : 20%<br><br>üõí Vente aux professionnels et aux particuliers<br>ÔøΩ‚Ä¶,,1,,,,490.0,1800.0,Libre,,,,Technogym,,,,,Isotonic,P019,1.0
18,Simple,C010,Combined,1,Visible,"√âquipement / Machine / mat√©riel de qualit√© professionnelle<br><br>Type : Libre<br>Marque : Technogym<br>Gamme : Isotonic<br>Nom : Combined<br>R√©f√©rence : C010<br><br>Description : Machine de musculation de qualit√© professionnel permettant le renforcement musculaire des dorsaux avec des exercices de tractions, les triceps avec des dips et les abdominaux avec des relev√©s de jambes. √âquipement polyvalent et complet.<br><br>√âtat : Seconde vie<br><br>üßæ Facture avec TVA r√©cup√©rable pour les assujetties.<br>‚Üí Taux de TVA : 20%<br><br>üõí Vente au‚Ä¶",,1,,,,750.0,1800.0,Libre,,,,Technogym,,,,,Isotonic,C010,1.0
19,Simple,P025,Lower Back Bench,1,Visible,√âquipement / Machine / mat√©riel de qualit√© professionnelle<br><br>Type : Libre<br>Marque : Technogym<br>Gamme : Isotonic<br>Nom : Lower Back Bench<br>R√©f√©rence : P025<br><br>Description : Banc de musculation de qualit√© professionnelle permettant de faire des relev√©s de bustes afin de renforcer et solliciter les lombaires. <br><br>√âtat : Seconde vie<br><br>üßæ Facture avec TVA r√©cup√©rable pour les assujetties.<br>‚Üí Taux de TVA : 20%<br><br>üõí Vente aux professionnels et aux particuliers<br>üîß Garantie occasion : 6 mois / neuf : 2 ans<br>üöõ Livrais‚Ä¶,,1,,,,490.0,1800.0,Libre,,,,Technogym,,,,,Isotonic,P025,1.0
20,Simple,m987,Easy Dip Chin,1,Visible,"√âquipement / Machine / mat√©riel de qualit√© professionnelle<br><br>Type : Libre<br>Marque : Technogym<br>Gamme : Selection<br>Nom : Easy Dip Chin<br>R√©f√©rence : m987<br><br>Description : Machine de musculation assist√©e de qualit√© professionnelle, dot√©e d‚Äôun syst√®me de contrepoids permettant le renforcement musculaire des dorsaux gr√¢ce aux exercices de tractions, ainsi que des triceps via les dips. √âquipement polyvalent et complet, adapt√© √† tous les niveaux de pratique.<br><br>√âtat : Seconde vie<br><br>üßæ Facture avec TVA r√©cup√©rabl‚Ä¶",,1,,,,1890.0,4500.0,Libre,,,,Technogym,,,,,Selection,m987,1.0
21,Simple,PA05,Lower Back Bench,1,Visible,√âquipement / Machine / mat√©riel de qualit√© professionnelle<br><br>Type : Libre<br>Marque : Technogym<br>Gamme : Element +<br>Nom : Lower Back Bench<br>R√©f√©rence : PA05<br><br>Description : Banc de musculation de qualit√© professionnelle permettant de faire des relev√©s de bustes afin de renforcer et solliciter les lombaires. <br><br>√âtat : Seconde vie<br><br>üßæ Facture avec TVA r√©cup√©rable pour les assujetties.<br>‚Üí Taux de TVA : 20%<br><br>üõí Vente aux professionnels et aux particuliers<br>üîß Garantie occasion : 6 mois / neuf : 2 ans<br>üöõ Livrai‚Ä¶,,1,,,,549.0,1800.0,Libre,,,,Technogym,,,,,Element +,PA05,1.0
22,Simple,P019,Incline Press Bench,1,Visible,√âquipement / Machine / mat√©riel de qualit√© professionnelle<br><br>Type : Libre<br>Marque : Technogym<br>Gamme : Isotonic<br>Nom : Incline Press Bench<br>R√©f√©rence : P019<br><br>Description : Banc de musculation de qualit√© professionnel permettant de faire du d√©velopp√© couch√© en position inclin√©. Id√©al pour le renforcement des pectoraux avec une barre olympique et des disques.<br><br>√âtat : Seconde vie<br><br>üßæ Facture avec TVA r√©cup√©rable pour les assujetties.<br>‚Üí Taux de TVA : 20%<br><br>üõí Vente aux professionnels et aux particuliers<br>ÔøΩ‚Ä¶,,1,,,,490.0,1800.0,Libre,,,,Technogym,,,,,Isotonic,P019,1.0
23,Simple,C010,Combined,1,Visible,"√âquipement / Machine / mat√©riel de qualit√© professionnelle<br><br>Type : Libre<br>Marque : Technogym<br>Gamme : Isotonic<br>Nom : Combined<br>R√©f√©rence : C010<br><br>Description : Machine de musculation de qualit√© professionnel permettant le renforcement musculaire des dorsaux avec des exercices de tractions, les triceps avec des dips et les abdominaux avec des relev√©s de jambes. √âquipement polyvalent et complet.<br><br>√âtat : Seconde vie<br><br>üßæ Facture avec TVA r√©cup√©rable pour les assujetties.<br>‚Üí Taux de TVA : 20%<br><br>üõí Vente au‚Ä¶",,1,,,,750.0,1800.0,Libre,,,,Technogym,,,,,Isotonic,C010,1.0
